{
  "0": {
    "precision": 0.96875,
    "recall": 0.7948717948717948,
    "f1-score": 0.8732394366197183,
    "support": 39.0
  },
  "1": {
    "precision": 0.8823529411764706,
    "recall": 0.9836065573770492,
    "f1-score": 0.9302325581395349,
    "support": 61.0
  },
  "accuracy": 0.91,
  "macro avg": {
    "precision": 0.9255514705882353,
    "recall": 0.889239176124422,
    "f1-score": 0.9017359973796266,
    "support": 100.0
  },
  "weighted avg": {
    "precision": 0.9160477941176469,
    "recall": 0.91,
    "f1-score": 0.9080052407468063,
    "support": 100.0
  }
}